-- phpMyAdmin SQL Dump
-- version 5.1.0
-- https://www.phpmyadmin.net/
--
-- Хост: localhost
-- Време на генериране:  9 юни 2023 в 10:04
-- Версия на сървъра: 8.0.30
-- Версия на PHP: 7.4.33

SET SQL_MODE = "NO_AUTO_VALUE_ON_ZERO";
START TRANSACTION;
SET time_zone = "+00:00";


/*!40101 SET @OLD_CHARACTER_SET_CLIENT=@@CHARACTER_SET_CLIENT */;
/*!40101 SET @OLD_CHARACTER_SET_RESULTS=@@CHARACTER_SET_RESULTS */;
/*!40101 SET @OLD_COLLATION_CONNECTION=@@COLLATION_CONNECTION */;
/*!40101 SET NAMES utf8mb4 */;

--
-- База данни: `pazar`
--

-- --------------------------------------------------------

--
-- Структура на таблица `categories`
--

CREATE TABLE `categories` (
  `category_id` int NOT NULL,
  `category_name` varchar(222) NOT NULL,
  `category_desc` text NOT NULL,
  `category_img` varchar(100) NOT NULL
) ENGINE=InnoDB DEFAULT CHARSET=utf8mb3;

--
-- Схема на данните от таблица `categories`
--

INSERT INTO `categories` (`category_id`, `category_name`, `category_desc`, `category_img`) VALUES
(23, 'Автомобили', '', ''),
(24, 'Апартаменти', '', ''),
(25, 'Къщи', '', ''),
(26, 'Мобилни телефони', '', ''),
(27, 'Компютри', '', '');

-- --------------------------------------------------------

--
-- Структура на таблица `category_products`
--

CREATE TABLE `category_products` (
  `id` int NOT NULL,
  `category_id` int NOT NULL,
  `product_id` int NOT NULL
) ENGINE=InnoDB DEFAULT CHARSET=utf8mb3 COLLATE=utf8mb3_unicode_ci;

--
-- Схема на данните от таблица `category_products`
--

INSERT INTO `category_products` (`id`, `category_id`, `product_id`) VALUES
(46, 23, 15),
(47, 23, 16),
(48, 23, 17),
(49, 24, 18),
(50, 24, 19),
(51, 24, 20),
(52, 26, 21),
(54, 23, 23);

-- --------------------------------------------------------

--
-- Структура на таблица `products`
--

CREATE TABLE `products` (
  `product_id` int NOT NULL,
  `product_name` varchar(222) NOT NULL,
  `product_model` varchar(222) NOT NULL,
  `product_price` decimal(9,2) NOT NULL DEFAULT '0.00',
  `product_description` text,
  `short_description` text NOT NULL,
  `name` varchar(255) NOT NULL,
  `phone` varchar(100) NOT NULL
) ENGINE=InnoDB DEFAULT CHARSET=utf8mb3;

--
-- Схема на данните от таблица `products`
--

INSERT INTO `products` (`product_id`, `product_name`, `product_model`, `product_price`, `product_description`, `short_description`, `name`, `phone`) VALUES
(15, 'Kia', 'Rio 1.2 EURO5B/GAZ', '11999.00', 'МНОГО ЗАПАЗЕН ! ! ! Ревизирана ходова част Перфектна работа на мотора, Без забележки по интериора Климатроника работи БЕЗУПРЕЧНО НАЛИЧЕН КАТАЛИЗАТОР ЦЕНА ЗА БАРТЕР 14500 лв тел; 0884300026 viber Автокъщата предлага съдействие при регистрация в КАТ София, както и транспорт до всяка точка на страната на преференциални цени! Лизинг през лизингова компания, без доказан доход, с минимална първоначална вноска и одобрение до 2 часа! !', 'Дата на производство: ноември 2013г.\r\nТип двигате: Бензинов\r\nМощнос: 85 к.с.\r\nЕвростандарт: Евро 5\r\nСкоростна кутия: Ръчна\r\nКатегория: Хечбек\r\nПробег: 203700 км\r\nЦвят: Черен', 'Иван Петров', '023456543'),
(16, 'Nissan X-trail', 'TEKNA-2.0-177К.С-360', '36999.00', 'ата на производствоюни 2017г.Тип двигателДизеловМощност177 к.с.ЕвростандартЕвро 6Скоростна кутияРъчнаКатегорияДжипПробег123000 кмЦвятСив', 'НОВ ВНОС . Безупречен външен и вътрешен-вид. Автмобила е от 1-ви собственик. възможност за проверка в сервиз, гаранция за реални километри, възможност за предоставяне на рама за проверка.\r\nKeylessGo(безключово палене и гасене)EASY-ENTRI(ОТКЛЮЧВАНЕ И ЗАКЛЮЧВАНЕ, преден и заден парктроник.\r\nLIMITED EDITION-TEKNA , , АСИСТЕН ЗА МЪРТВА ТОЧКА НА ОГЛЕДАЛАТА, АСИСТЕН ЗА СМЯНА ЛЕНТИТЕ, EMERGENCY BRAKE,\r\n360 ГРАДУСА КАМЕРИ,\r\nБи-ксенон фарове, LED-дневни светлини- ел. рекаро салон+подгрев, ел. волан ел. стъкла, ел. сгъваеми огледала с подгряване, ел. багажник, четири зонов климатроник, сензор дъжд, мулти волан, DVD-CD-AUX/USB, 2бр ключове, филтър за твърди частици, навигационна система, система за гласови команди, bluetooth, автопилот , панорамен таван, авто-бленда на огледалата, START-STOР-ФУНКЦИЯ,\r\nЛИЗИНГ! ! ! През лизингова компания, бързо одобрение на място , без доказване на доходи , само срещу лична карта. ниска първоначална вноска , ниска лихва.\r\nСъдействие за регистрация в кат', 'Милена Василева', '08893873633'),
(17, 'Audi', 'A4', '8000.00', 'Безопасност\r\n• Антиблокираща система\r\nДруги\r\n• 4x4\r\n• С регистрация\r\nЕкстериор\r\n• 4(5) Врати\r\n• Металик\r\nЗащита\r\n• Аларма\r\n• Централно заключване\r\nКомфорт\r\n• Bluetooth \\ handsfree система\r\n• DVD, TV\r\n• USB, audio\\video, IN\\AUX изводи\r\n• Бордкомпютър\r\n• Ел. Огледала\r\n• Ел. Стъкла\r\n• Климатик\r\n• Мултифункционален волан\r\n• Навигация\r\n• Регулиране на волана', 'Дата на производстводекември 2006г.Тип двигателДизеловМощност204 к.с.Скоростна кутияАвтоматичнаКатегорияКомбиПробег288000 кмЦвятМеталик', 'Петър Петров', '08976356533'),
(18, 'Продава 1-СТАЕН', 'град София, Банишора', '108000.00', 'Двустаен апартамент в комплекс на метри от метростанция \'Княгиня Мария Луиза\', спирка на трамвай, тролей и автобус, детска градина и болница.\r\nЛуксозно изпълнение с най-висококачествени материали! Отлична инвестиция, готови за живеене или отдаване под наем.-0899-93-19-10', 'вадратура:40 кв.мЕтаж:11-ти от 14ТEЦ:НЕСтроителство:ЕПК', 'Калин Василев', '08773763533'),
(19, 'Продава 1-СТАЕН', 'град София, Витоша', '240000.00', 'Едностаен просторен апартамент 33 м2 в кв. Витоша на Симеоновско шосе.\r\nРазпределение:\r\n-антре;\r\n-дневна с кухненски бокс и спалня;\r\n-баня и WC;\r\n-голяма тераса.\r\nАпартаментът е топъл, слънчев, вътрешен. Състои се от едно голямо помещение,в което са обособени няколко къта: дневна с кухненски бокс и спалня. Луксозно обзаведен, изцяло оборудван с ел. уреди в кухненския бокс. Отоплението е електричество, има климатик. Топлата вода е на бойлер. Намира се в нова сграда с Акт 16 на Симеоновско шосе. Сградата е с модерни общи части с постоянно денонощно видеонаблюдение и с контрол на достъпа. Има възможност за отдаване на парко място под наем. Района е изключително тих, комуникативен, до няколко посолства. В близост до Студенски град и големи вериги магазини. Подходящ за живеене или отдаване под наем с добра доходност.\r\nНие ценим Вашето време и искаме да Ви спестим излишни грижи. Гарантираме прецизност, точност и коректност! Доверете ни се!\r\nОферта 1667.За повече информация: 0893068006 Любов Иванова', 'Квадратура:43 кв.мЕтаж:5-ти от 13Строителство:Тухла, 2019 г.', 'Таня Манева', '08989876533'),
(20, 'Продава 1-СТАЕН', 'град София, Гео Милев', '250000.00', 'LUXIMMO FINEST ESTATES: www.luximmo.bg\r\nПанорамно ателие с обзавеждане, дело на арх.Н.Кръстева в кв.Гео Милев в близост до магазин Фантастико в сграда от 1990 г. с асансьор.\r\nЗастроена площ: 30 кв.м\r\nИзложение: Изток\r\nРазпределение: Входно антре; едно общо помещение с усвоена тераса; баня с тоалетна.\r\nСтепен на завършеност: Под на италиански гранитогрес; стени на латекс; баня на големи плочи гранитогрес, смесители с цвят мед.\r\nДограма: Окачена фасада с троен стъклопакет с механизъм тип Фолксваген , комарници тип хармоника.\r\nОбзавеждане: Италиански разтегаем диван с размери 1.60х 2.00 метра; вградена кухня с ел.уреди Gorenje ; вграден гардероб; холна маса; кресло; LED Sony ; входна врата Dierre ; щори; осветителни тела; климатик Panasonic ; два бар-стола и др.\r\nОтопление: ТЕЦ; Климатик Panasonic .\r\n\r\nОглед на имота\r\nМожем да организираме оглед на имота в удобно за вас време. За целта, свържете се с отговорния за офертата брокер и му кажете кога бихте искали да направите оглед.', 'Квадратура:30 кв.мЕтаж:8-ми от 8Газ:НЕТEЦ:ДАСтроителство:Тухла, 1990 г', 'Полина Александрова', '088887673533'),
(21, 'Xiaomi', 'Redmi 9AT 32GB, Peacock Green', '239.00', 'СЕРИЯ	Redmi 9AT\r\nЦВЯТ	Зелен\r\nПРОЦЕСОР	MediaTek Helio G25 (12 nm) (8-ядрен, 2.0 GHz Cortex-A53)\r\nВИДЕОКАРТА	PowerVR GE8320 (650 MHz)\r\nПАМЕТ	32GB\r\nОПЕРАТИВНА ПАМЕТ	2GB\r\nЕКРАН	6.53-инчов IPS LCD капацитивен мултитъч екран с резолюция 1600 x 720 пиксела\r\nСВЪРЗАНОСТ	Bluetooth 5.0, A2DP, LE, Wi-Fi 802.11 b/g/n, GPS\r\nМРЕЖИ	GSM / HSPA / LTE\r\nИНТЕРФЕЙСИ	\r\nСмартфон с две SIM карти (Nano-SIM, dual stand-by)\r\nСлот за micro-SD карта памет\r\nМикро-USB порт за зареждане\r\n3,5 мм порт за слушалки\r\nПоддържа FM радио (със слушалки)\r\nВибрационен мотор\r\nДатчик за разстояние\r\nСензор за околна светлина\r\nАкселерометър\r\nОПЦИИ	\r\nМултимедия • MP4 • MP3 • MKV • AAC\r\nПоддържа H.264 (основен / основен / висок профил), MPEG4 (прост профил / ASP) видео формати ， Поддържа PCM, AAC / AAC + / eAAC +, MP3, AMR-NB, WB, FLAC, APE аудио формати.\r\nКАМЕРА	13 MP на гърба, 5MP в предната част\r\nВРЕМЕ ЗА РАЗГОВОР	все още няма данни\r\nВ РЕЖИМ ГОТОВНОСТ	все още няма данни\r\nБАТЕРИЯ	5000 mAh\r\nРАЗМЕРИ (Ш/В/Д)	164.9 x 77 x 9 мм\r\nОПЕРАЦИОННА СИСТЕМА	Android 10, MIUI 12\r\nТЕГЛО	194 грама\r\nГАРАНЦИЯ	24 месеца гаранция', 'ОСНОВНИ ХАРАКТЕРИСТИКИ\r\n6.53” HD+ Dot Drop дисплей\r\n8-ядрен процесор\r\nдве SIM карти\r\nдве камери', 'Милен Колев', '08783763533'),
(23, 'Roller Team', 'LUX Kronos 287TL, AUTOMATIC', '168000.00', 'Цена с ДДС! Данъчен кредит. Гаранция до 11.2025г.\r\nС регистрация като специален. КАСКО, ГО платено.\r\nЛуксозно обзавеждане c допълнително монтирани екстри на около 10000евро!\r\nМаксимална автономност.\r\nЗакупен в България от офицален вносител.\r\n\r\nОписание и екстри:\r\nШаси Ford Transit, Двигател 2.0TDCI, 170 к. с. дизел Euro6temp\r\nДължина 7.45м\r\nШирина 2.35м\r\nВисочина 2.95м\r\nБрой места за пътуване -5\r\nБрой места за хранене -5\r\nБрой места за спане -5\r\nКлиматик към двигателя, круиз контрол, дневни светлини\r\nВъздушни възглавници за водача и пътника\r\nЕлектрически и отопляеми странични огледала\r\nКамера за заден ход. Камера отпред.\r\nСоларни панели 4бр х 175W, литиево ионен акумулатор 100Ah (мога да бъде сложен още един).\r\nИнвертор и контролер Viktron 12-220В за целият кемпер\r\nВъншно LED осветление.\r\nDAB Радио и стойка за таблет.\r\nПанел TRUMA CP PLUS iNet, контрполно табло.\r\nВъртящи се предни седалки с кожена тапицерия\r\nSky roof над кабината на водача\r\n100% LED осветление\r\nДве легла 194X80 см в задната част с опция за обединяване в цяла спалня.\r\nЕлектрическо падащо легло над седящата група 190x128 см\r\nСедяща група с кожена тапицерия и разположение Face to Face\r\nМаса с регулиране в две посоки\r\nОтделнa баня с двойно оттичане и прозорец\r\nОтделна тоалетна\r\nРезервоар за чиста вода 220 литра\r\nРезервоар за отпадни води 100 литра\r\nВрата отделяща спалнята от дневната\r\nМодерен кухненски бокс, хладилник 140 литра, мивка и 3 газови котлони.\r\nГардероб и много шкафове и ниши за багаж\r\nКожен мулти волан\r\nДве газови бутилки STEP-2x30L със изведено външно пълнене, дуо шок сензор TRUMA.\r\nГолям гараж с две големи врати за достъп с отопление.\r\nДопълнително антивандално заключване THULE на всички врати и гаражни врати в кемпера.\r\nUZ-2устройсва монтирани отпред и отзад срещу гризачи и мишки.\r\nНивелационни поставки в багажно.\r\nЩори и комарници на всички прозорци.\r\nГоляма тента THULE OMNISTOR5200 4.5м.\r\nКомплект кабели, преходники за вода и газ.\r\n\r\nВъзможен наем на следните условия:\r\nЦена на наем по месеци, за 2ма възрастни и 1 дете до 10 години.:\r\nМарт, Април - 149 лв на ден. Минимален срок на наема 7 дни.\r\nМай - 199 лв а ден. Минимален срок на наема 7 дни.\r\nЮни - 249 лв на ден. Минимален срок на наема 7 дни.\r\nЮли -299 лв на ден. Минимален срок на наема 3 дни.\r\nАвгуст - 349 лв на ден. Минимален срок на наема 3 дни.\r\nДомашни любимци - добре дошли срещу предварителна уговорка и по-висок депозит.\r\nДългосрочен наем - от 21 ден, специални условия и отстъпки.\r\nБезплатно съхраняване на вашето авто.\r\nГаранционен депозит 2000лв.', 'Продава нов кемпер Roller Team LUX Kronos 287TL, AUTOMATIC', 'Калин', '087635653733');

-- --------------------------------------------------------

--
-- Структура на таблица `product_options`
--

CREATE TABLE `product_options` (
  `id` int NOT NULL,
  `product_id` int NOT NULL,
  `option_id` int NOT NULL,
  `option_value` text CHARACTER SET utf8mb3 COLLATE utf8mb3_unicode_ci NOT NULL
) ENGINE=InnoDB DEFAULT CHARSET=utf8mb3 COLLATE=utf8mb3_unicode_ci;

--
-- Схема на данните от таблица `product_options`
--

INSERT INTO `product_options` (`id`, `product_id`, `option_id`, `option_value`) VALUES
(28, 15, 1, '11641500271927614_9l.jpg'),
(29, 16, 1, '21647095638404396_RI.jpg'),
(30, 17, 1, '11649765409487107_7T.jpg'),
(31, 18, 1, '1a163774805460470_VK.jpg'),
(32, 19, 1, '1a164880722597716_V9.jpg'),
(33, 20, 1, '1a163903423296373_Op.jpg'),
(34, 21, 1, 'MZB9961EU.png'),
(35, 23, 1, 'image.webp');

--
-- Indexes for dumped tables
--

--
-- Индекси за таблица `categories`
--
ALTER TABLE `categories`
  ADD PRIMARY KEY (`category_id`);

--
-- Индекси за таблица `category_products`
--
ALTER TABLE `category_products`
  ADD PRIMARY KEY (`id`),
  ADD KEY `category_id` (`category_id`),
  ADD KEY `product_id` (`product_id`);

--
-- Индекси за таблица `products`
--
ALTER TABLE `products`
  ADD PRIMARY KEY (`product_id`);

--
-- Индекси за таблица `product_options`
--
ALTER TABLE `product_options`
  ADD PRIMARY KEY (`id`),
  ADD KEY `product_id` (`product_id`);

--
-- AUTO_INCREMENT for dumped tables
--

--
-- AUTO_INCREMENT for table `categories`
--
ALTER TABLE `categories`
  MODIFY `category_id` int NOT NULL AUTO_INCREMENT, AUTO_INCREMENT=28;

--
-- AUTO_INCREMENT for table `category_products`
--
ALTER TABLE `category_products`
  MODIFY `id` int NOT NULL AUTO_INCREMENT, AUTO_INCREMENT=55;

--
-- AUTO_INCREMENT for table `products`
--
ALTER TABLE `products`
  MODIFY `product_id` int NOT NULL AUTO_INCREMENT, AUTO_INCREMENT=24;

--
-- AUTO_INCREMENT for table `product_options`
--
ALTER TABLE `product_options`
  MODIFY `id` int NOT NULL AUTO_INCREMENT, AUTO_INCREMENT=36;

--
-- Ограничения за дъмпнати таблици
--

--
-- Ограничения за таблица `category_products`
--
ALTER TABLE `category_products`
  ADD CONSTRAINT `category_products_ibfk_1` FOREIGN KEY (`category_id`) REFERENCES `categories` (`category_id`) ON DELETE CASCADE ON UPDATE CASCADE,
  ADD CONSTRAINT `category_products_ibfk_2` FOREIGN KEY (`product_id`) REFERENCES `products` (`product_id`) ON DELETE CASCADE ON UPDATE CASCADE;

--
-- Ограничения за таблица `product_options`
--
ALTER TABLE `product_options`
  ADD CONSTRAINT `product_options_ibfk_1` FOREIGN KEY (`product_id`) REFERENCES `products` (`product_id`) ON DELETE CASCADE ON UPDATE CASCADE;
COMMIT;

/*!40101 SET CHARACTER_SET_CLIENT=@OLD_CHARACTER_SET_CLIENT */;
/*!40101 SET CHARACTER_SET_RESULTS=@OLD_CHARACTER_SET_RESULTS */;
/*!40101 SET COLLATION_CONNECTION=@OLD_COLLATION_CONNECTION */;
